{
	"info": {
		"_postman_id": "c36ea71f-e542-4f2b-8d13-69368df6f5d4",
		"name": "Proyecto1",
		"schema": "https://schema.getpostman.com/json/collection/v2.1.0/collection.json",
		"_exporter_id": "37768449"
	},
	"item": [
		{
			"name": "User",
			"item": [
				{
					"name": "Crear Usuario -> INFLUENCER",
					"request": {
						"auth": {
							"type": "bearer",
							"bearer": [
								{
									"key": "token",
									"value": "eyJhbGciOiJIUzI1NiIsInR5cCI6IkpXVCJ9.eyJzdWIiOiJsdWlzLmJhcmFob25hQHV0ZWMuZWR1LnBlIiwicm9sZSI6IlVTRVIiLCJpYXQiOjE3Mjg4NjI5MzEsImV4cCI6MTcyODg5ODkzMX0.HyprfF7JCiqT4vsUe9JbRY5UTMrwUFNFalC9226QrVw",
									"type": "string"
								}
							]
						},
						"method": "POST",
						"header": [],
						"body": {
							"mode": "raw",
							"raw": "{\n  \"name\": \"Isaac\",\n  \"email\": \"isaaccc.simeon@utec.edu.pe\",\n  \"bio\": \"Software developer with 10 years of experience.\",\n  \"userType\": \"INFLUENCER\",\n  \"password\": \"securepassword123\"\n}",
							"options": {
								"raw": {
									"language": "json"
								}
							}
						},
						"url": {
							"raw": "{{host}}/users",
							"host": [
								"{{host}}"
							],
							"path": [
								"users"
							]
						}
					},
					"response": []
				},
				{
					"name": "Obtener Biografia del Usuario -> INFLUENCER",
					"request": {
						"method": "GET",
						"header": [],
						"url": {
							"raw": "http://localhost:8080/users/1",
							"protocol": "http",
							"host": [
								"localhost"
							],
							"port": "8080",
							"path": [
								"users",
								"1"
							]
						}
					},
					"response": []
				},
				{
					"name": "Crear Usuario -> CONSUMER",
					"request": {
						"method": "POST",
						"header": [],
						"body": {
							"mode": "raw",
							"raw": "{\n  \"name\": \"Juana Perez\",\n  \"email\": \"Juana1.doe@example.com\",\n  \"bio\": \"Soy Ana y me gusta la comida Italiana\",\n  \"userType\": \"CONSUMER\",\n  \"password\": \"securepassword123\"\n}",
							"options": {
								"raw": {
									"language": "json"
								}
							}
						},
						"url": {
							"raw": "http://localhost:8080/users",
							"protocol": "http",
							"host": [
								"localhost"
							],
							"port": "8080",
							"path": [
								"users"
							]
						}
					},
					"response": []
				},
				{
					"name": "Obtener Biografía del Usuario -> CONSUMER",
					"request": {
						"method": "GET",
						"header": [],
						"url": {
							"raw": "http://localhost:8080/users/7",
							"protocol": "http",
							"host": [
								"localhost"
							],
							"port": "8080",
							"path": [
								"users",
								"7"
							]
						}
					},
					"response": []
				},
				{
					"name": "Eliminar usuario con ID",
					"request": {
						"method": "DELETE",
						"header": [],
						"url": {
							"raw": "http://{{ruta}}:8080/users/63",
							"protocol": "http",
							"host": [
								"{{ruta}}"
							],
							"port": "8080",
							"path": [
								"users",
								"63"
							]
						}
					},
					"response": []
				},
				{
					"name": "Reemplazar Usuario -> INFLUENCER por ID",
					"request": {
						"method": "PUT",
						"header": [],
						"body": {
							"mode": "raw",
							"raw": "{\n  \"name\": \"Maria Bros\",\n  \"email\": \"MarioBros.doe@example.com\",\n  \"bio\": \"Software developer with 10 years of experience.\",\n  \"userType\": \"INFLUENCER\",\n  \"password\": \"securepassword123\"\n}",
							"options": {
								"raw": {
									"language": "json"
								}
							}
						},
						"url": {
							"raw": "http://localhost:8080/users/10",
							"protocol": "http",
							"host": [
								"localhost"
							],
							"port": "8080",
							"path": [
								"users",
								"10"
							]
						}
					},
					"response": []
				},
				{
					"name": "Parchar Usuario por ID",
					"request": {
						"method": "PATCH",
						"header": [],
						"body": {
							"mode": "raw",
							"raw": "{\n  \"userType\": \"CONSUMER\",\n  \"password\": \"patchCambioINFLUENCERporCONSUMER\"\n}",
							"options": {
								"raw": {
									"language": "json"
								}
							}
						},
						"url": {
							"raw": "http://localhost:8080/users/11",
							"protocol": "http",
							"host": [
								"localhost"
							],
							"port": "8080",
							"path": [
								"users",
								"11"
							]
						}
					},
					"response": []
				}
			],
			"description": "El usuario puede tomar dos roles (INFLUENCER o CONSUMER)\n\n1. El INFLUENCER"
		},
		{
			"name": "Comment",
			"item": [
				{
					"name": "Crear Comentario",
					"request": {
						"method": "POST",
						"header": [],
						"body": {
							"mode": "raw",
							"raw": "{\n  \"userId\": 7,\n  \"postId\": 1,\n  \"content\": \"Comentario no parchado\"\n}",
							"options": {
								"raw": {
									"language": "json"
								}
							}
						},
						"url": {
							"raw": "http://{{ruta}}:8080/comments",
							"protocol": "http",
							"host": [
								"{{ruta}}"
							],
							"port": "8080",
							"path": [
								"comments"
							]
						}
					},
					"response": []
				},
				{
					"name": "Obtener Comentario Cuyo id es {id}",
					"request": {
						"method": "GET",
						"header": [],
						"url": {
							"raw": "http://localhost:8080/comments/1",
							"protocol": "http",
							"host": [
								"localhost"
							],
							"port": "8080",
							"path": [
								"comments",
								"1"
							]
						}
					},
					"response": []
				},
				{
					"name": "Eliminar comentario con ID",
					"request": {
						"method": "DELETE",
						"header": [],
						"url": {
							"raw": "http://localhost:8080/comments/3",
							"protocol": "http",
							"host": [
								"localhost"
							],
							"port": "8080",
							"path": [
								"comments",
								"3"
							]
						}
					},
					"response": []
				},
				{
					"name": "Reemplazar comentario por ID",
					"request": {
						"method": "PUT",
						"header": [],
						"body": {
							"mode": "raw",
							"raw": "{\n  \"userId\": 1,\n  \"postId\": 3,\n  \"content\": \"Mensaje reemplazado\"\n}",
							"options": {
								"raw": {
									"language": "json"
								}
							}
						},
						"url": {
							"raw": "http://localhost:8080/comments/4",
							"protocol": "http",
							"host": [
								"localhost"
							],
							"port": "8080",
							"path": [
								"comments",
								"4"
							]
						}
					},
					"response": []
				},
				{
					"name": "Parchar comentario por ID",
					"request": {
						"method": "PATCH",
						"header": [],
						"body": {
							"mode": "raw",
							"raw": "{\n  \"content\": \"Comentario  parchado\"\n}",
							"options": {
								"raw": {
									"language": "json"
								}
							}
						},
						"url": {
							"raw": "http://localhost:8080/comments/5",
							"protocol": "http",
							"host": [
								"localhost"
							],
							"port": "8080",
							"path": [
								"comments",
								"5"
							]
						}
					},
					"response": []
				}
			]
		},
		{
			"name": "Post",
			"item": [
				{
					"name": "Crear Publicación",
					"request": {
						"method": "POST",
						"header": [],
						"body": {
							"mode": "raw",
							"raw": "{\n  \"userId\": 12,\n  \"image\": \"http://example.com/image.jpg\",\n  \"content\": \"Pub2 Hola mundo de nuevo\",\n  \"createdDate\": \"2023-10-01T12:00:00\",\n  \"status\": \"ACTIVE\",\n  \"title\": \"HOLA MUNDO\"\n}",
							"options": {
								"raw": {
									"language": "json"
								}
							}
						},
						"url": {
							"raw": "{{host}}/posts",
							"host": [
								"{{host}}"
							],
							"path": [
								"posts"
							]
						}
					},
					"response": []
				},
				{
					"name": "Obtener publicación cuyo id sea {id}",
					"request": {
						"method": "GET",
						"header": [],
						"url": {
							"raw": "http://localhost:8080/posts/1",
							"protocol": "http",
							"host": [
								"localhost"
							],
							"port": "8080",
							"path": [
								"posts",
								"1"
							]
						}
					},
					"response": []
				},
				{
					"name": "Eliminar publicación por ID",
					"request": {
						"method": "DELETE",
						"header": [],
						"url": {
							"raw": "http://localhost:8080/posts/2",
							"protocol": "http",
							"host": [
								"localhost"
							],
							"port": "8080",
							"path": [
								"posts",
								"2"
							]
						}
					},
					"response": []
				},
				{
					"name": "Reemplazar publicación por ID",
					"request": {
						"method": "PUT",
						"header": [],
						"body": {
							"mode": "raw",
							"raw": "{\n  \"userId\": 3,\n  \"image\": \"http://example.com/image.jpg\",\n  \"content\": \"Hola soy el usuario 3 y  he reemplzado mi post por ID\",\n  \"createdDate\": \"2023-10-01T12:00:00\",\n  \"status\": \"ACTIVE\"\n}",
							"options": {
								"raw": {
									"language": "json"
								}
							}
						},
						"url": {
							"raw": "http://localhost:8080/posts/4",
							"protocol": "http",
							"host": [
								"localhost"
							],
							"port": "8080",
							"path": [
								"posts",
								"4"
							]
						}
					},
					"response": []
				},
				{
					"name": "Parchar publicación por ID",
					"request": {
						"method": "PATCH",
						"header": [],
						"body": {
							"mode": "raw",
							"raw": "{\n  \"content\": \"Comentario parchado por ID\"\n}",
							"options": {
								"raw": {
									"language": "json"
								}
							}
						},
						"url": {
							"raw": "http://localhost:8080/posts/6",
							"protocol": "http",
							"host": [
								"localhost"
							],
							"port": "8080",
							"path": [
								"posts",
								"6"
							]
						}
					},
					"response": []
				}
			]
		},
		{
			"name": "Food",
			"item": [
				{
					"name": "Crear Food",
					"request": {
						"method": "POST",
						"header": [],
						"body": {
							"mode": "raw",
							"raw": "{\n  \"name\": \"Ceviche 3\",\n  \"price\": 20.4,\n  \"status\": \"AVAILABLE\",\n  \"restaurantId\": 17\n}",
							"options": {
								"raw": {
									"language": "json"
								}
							}
						},
						"url": {
							"raw": "http://localhost:8080/foods",
							"protocol": "http",
							"host": [
								"localhost"
							],
							"port": "8080",
							"path": [
								"foods"
							]
						}
					},
					"response": []
				},
				{
					"name": "Obtener comida cuyo id sea {id}",
					"request": {
						"method": "GET",
						"header": [],
						"url": {
							"raw": "http://localhost:8080/foods/21",
							"protocol": "http",
							"host": [
								"localhost"
							],
							"port": "8080",
							"path": [
								"foods",
								"21"
							]
						}
					},
					"response": []
				},
				{
					"name": "Eliminar Comida por ID",
					"request": {
						"method": "DELETE",
						"header": [],
						"url": {
							"raw": "http://localhost:8080/foods/22",
							"protocol": "http",
							"host": [
								"localhost"
							],
							"port": "8080",
							"path": [
								"foods",
								"22"
							]
						}
					},
					"response": []
				},
				{
					"name": "Reemplazar Comida por ID",
					"request": {
						"method": "PUT",
						"header": [],
						"body": {
							"mode": "raw",
							"raw": "{\n  \"name\": \"Ceviche 3 reemplazado\",\n  \"price\": 20.4,\n  \"status\": \"AVAILABLE\",\n  \"restaurantId\": 5\n}",
							"options": {
								"raw": {
									"language": "json"
								}
							}
						},
						"url": {
							"raw": "http://localhost:8080/foods/23",
							"protocol": "http",
							"host": [
								"localhost"
							],
							"port": "8080",
							"path": [
								"foods",
								"23"
							]
						}
					},
					"response": []
				},
				{
					"name": "Parchar comida por ID",
					"request": {
						"method": "PATCH",
						"header": [],
						"body": {
							"mode": "raw",
							"raw": "{\n  \"name\": \"Ceviche 4 - parchado otra vez vez vez\",\n   \"restaurantId\": 4,\n   \"status\": \"VAILABLEE\"\n}",
							"options": {
								"raw": {
									"language": "json"
								}
							}
						},
						"url": {
							"raw": "http://localhost:8080/foods/25",
							"protocol": "http",
							"host": [
								"localhost"
							],
							"port": "8080",
							"path": [
								"foods",
								"25"
							]
						}
					},
					"response": []
				}
			]
		},
		{
			"name": "Restaurant",
			"item": [
				{
					"name": "Crear Restaurante",
					"request": {
						"auth": {
							"type": "bearer",
							"bearer": [
								{
									"key": "token",
									"value": "eyJhbGciOiJIUzI1NiIsInR5cCI6IkpXVCJ9.eyJzdWIiOiJsdWlzcy5iYXJhaG9uYUB1dGVjLmVkdS5wZSIsInJvbGUiOiJVU0VSIiwiaWF0IjoxNzI4ODgwMDU5LCJleHAiOjE3Mjg5MTYwNTl9.OmmGa8smf9-KBIxB4ogeniq2r9fy9YBlQQMHJIiIMBA",
									"type": "string"
								}
							]
						},
						"method": "POST",
						"header": [],
						"body": {
							"mode": "raw",
							"raw": "{\n  \"name\": \"El Buen Sabor 9\",\n  \"location\": \"123 Main St, Springfield\",\n  \"status\": \"OPEN\",\n  \"email\": \"vid101@gmail.comm\"\n}",
							"options": {
								"raw": {
									"language": "json"
								}
							}
						},
						"url": {
							"raw": "http://{{ruta}}:8080/restaurants",
							"protocol": "http",
							"host": [
								"{{ruta}}"
							],
							"port": "8080",
							"path": [
								"restaurants"
							]
						}
					},
					"response": []
				},
				{
					"name": "Obtener restaurante cuyo id sea {id}",
					"request": {
						"auth": {
							"type": "bearer",
							"bearer": [
								{
									"key": "token",
									"value": "eyJhbGciOiJIUzI1NiIsInR5cCI6IkpXVCJ9.eyJzdWIiOiJKb24uYmFyYWhvbmFAdXRlYy5lZHUucGUiLCJyb2xlIjoiVVNFUiIsImlhdCI6MTcyODg2MTE3NCwiZXhwIjoxNzI4ODk3MTc0fQ.0CW5ChYvjvT2E7dTa8qjEzuWGoN6JgugYDTKup3OUAM",
									"type": "string"
								}
							]
						},
						"method": "GET",
						"header": [],
						"url": {
							"raw": "{{host}}/restaurants/33",
							"host": [
								"{{host}}"
							],
							"path": [
								"restaurants",
								"33"
							]
						}
					},
					"response": []
				},
				{
					"name": "Eliminar Restaurante por ID",
					"request": {
						"method": "DELETE",
						"header": [],
						"url": {
							"raw": "http://localhost:8080/restaurants/7",
							"protocol": "http",
							"host": [
								"localhost"
							],
							"port": "8080",
							"path": [
								"restaurants",
								"7"
							]
						}
					},
					"response": []
				},
				{
					"name": "Reemplazar Restaurante por ID",
					"request": {
						"method": "PUT",
						"header": [],
						"body": {
							"mode": "raw",
							"raw": "{\n  \"name\": \"El Buen Sabor 9 - reemplazado\",\n  \"location\": \"123 Main St, Springfield\",\n  \"status\": \"CLOSED\"\n}",
							"options": {
								"raw": {
									"language": "json"
								}
							}
						},
						"url": {
							"raw": "http://localhost:8080/restaurants/8",
							"protocol": "http",
							"host": [
								"localhost"
							],
							"port": "8080",
							"path": [
								"restaurants",
								"8"
							]
						}
					},
					"response": []
				},
				{
					"name": "Parchar Restaurante por ID",
					"request": {
						"method": "PATCH",
						"header": [],
						"body": {
							"mode": "raw",
							"raw": "{\n  \"name\": \"El Buen Sabor 10\",\n  \"location\": \"124 Main St - location parchada\"\n}",
							"options": {
								"raw": {
									"language": "json"
								}
							}
						},
						"url": {
							"raw": "http://localhost:8080/restaurants/9",
							"protocol": "http",
							"host": [
								"localhost"
							],
							"port": "8080",
							"path": [
								"restaurants",
								"9"
							]
						}
					},
					"response": []
				}
			]
		},
		{
			"name": "TypeFood",
			"item": [
				{
					"name": "Crear TypeFood",
					"request": {
						"method": "POST",
						"header": [],
						"body": {
							"mode": "raw",
							"raw": "{\n  \"type\": \"Italian\",\n  \"description\": \"Traditional Italian food\"\n}",
							"options": {
								"raw": {
									"language": "json"
								}
							}
						},
						"url": {
							"raw": "{{host}}/typefoods",
							"host": [
								"{{host}}"
							],
							"path": [
								"typefoods"
							]
						}
					},
					"response": []
				},
				{
					"name": "Obtener tipo de comida cuyo id es {id}",
					"request": {
						"method": "GET",
						"header": [],
						"url": {
							"raw": "http://{{ruta}}:8080/typefoods/9",
							"protocol": "http",
							"host": [
								"{{ruta}}"
							],
							"port": "8080",
							"path": [
								"typefoods",
								"9"
							]
						}
					},
					"response": []
				},
				{
					"name": "Eliminar TypeFood por ID",
					"request": {
						"method": "DELETE",
						"header": [],
						"url": {
							"raw": "http://{{ruta}}:8080/typefoods/10",
							"protocol": "http",
							"host": [
								"{{ruta}}"
							],
							"port": "8080",
							"path": [
								"typefoods",
								"10"
							]
						}
					},
					"response": []
				},
				{
					"name": "Reemplazar TypeFood por ID",
					"request": {
						"method": "PUT",
						"header": [],
						"body": {
							"mode": "raw",
							"raw": "{\n  \"type\": \"Mexicana\",\n  \"description\": \"Traditional Italian cuisine\",\n  \"restaurantId\": 2\n}",
							"options": {
								"raw": {
									"language": "json"
								}
							}
						},
						"url": {
							"raw": "http://{{ruta}}:8080/typefoods/11",
							"protocol": "http",
							"host": [
								"{{ruta}}"
							],
							"port": "8080",
							"path": [
								"typefoods",
								"11"
							]
						}
					},
					"response": []
				},
				{
					"name": "Parchar TypeFood por ID",
					"request": {
						"method": "PATCH",
						"header": [],
						"body": {
							"mode": "raw",
							"raw": "{\n  \"description\": \"Procedente de Alemania - parchado\"\n}",
							"options": {
								"raw": {
									"language": "json"
								}
							}
						},
						"url": {
							"raw": "http://{{ruta}}:8080/typefoods/12",
							"protocol": "http",
							"host": [
								"{{ruta}}"
							],
							"port": "8080",
							"path": [
								"typefoods",
								"12"
							]
						}
					},
					"response": []
				}
			]
		},
		{
			"name": "FoodRating",
			"item": [
				{
					"name": "Create FoodRating (evaluar la comida)",
					"request": {
						"method": "POST",
						"header": [],
						"body": {
							"mode": "raw",
							"raw": "{\n  \"foodId\": 19,\n  \"userId\": 4,\n  \"rating\": 5,\n  \"comment\": \"Delicioso\"\n}",
							"options": {
								"raw": {
									"language": "json"
								}
							}
						},
						"url": {
							"raw": "http://{{ruta}}:8080/foodratings",
							"protocol": "http",
							"host": [
								"{{ruta}}"
							],
							"port": "8080",
							"path": [
								"foodratings"
							]
						}
					},
					"response": []
				},
				{
					"name": "Obtener FoodRating cuyo id sea {id}",
					"request": {
						"method": "GET",
						"header": [],
						"url": {
							"raw": "http://localhost:8080/foodratings/11",
							"protocol": "http",
							"host": [
								"localhost"
							],
							"port": "8080",
							"path": [
								"foodratings",
								"11"
							]
						}
					},
					"response": []
				},
				{
					"name": "Eliminar FoodRating por ID",
					"request": {
						"method": "DELETE",
						"header": [],
						"url": {
							"raw": "http://localhost:8080/foodratings/12",
							"protocol": "http",
							"host": [
								"localhost"
							],
							"port": "8080",
							"path": [
								"foodratings",
								"12"
							]
						}
					},
					"response": []
				},
				{
					"name": "Reemplazar FoodRatinf por ID",
					"request": {
						"method": "PUT",
						"header": [],
						"body": {
							"mode": "raw",
							"raw": "{\n  \"foodId\": 21,\n  \"userId\": 1,\n  \"rating\": 5,\n  \"comment\": \"No Me gusto la comida - reemplazado\"\n}",
							"options": {
								"raw": {
									"language": "json"
								}
							}
						},
						"url": {
							"raw": "http://localhost:8080/foodratings/13",
							"protocol": "http",
							"host": [
								"localhost"
							],
							"port": "8080",
							"path": [
								"foodratings",
								"13"
							]
						}
					},
					"response": []
				},
				{
					"name": "Parchar FootRating por ID",
					"request": {
						"method": "PATCH",
						"header": [],
						"body": {
							"mode": "raw",
							"raw": "{\n  \"comment\": \"Me gusto la comida - parchado\"\n}",
							"options": {
								"raw": {
									"language": "json"
								}
							}
						},
						"url": {
							"raw": "http://localhost:8080/foodratings/14",
							"protocol": "http",
							"host": [
								"localhost"
							],
							"port": "8080",
							"path": [
								"foodratings",
								"14"
							]
						}
					},
					"response": []
				}
			]
		},
		{
			"name": "RestaurantRating",
			"item": [
				{
					"name": "Crear Restaurant Rating (Evaluar restaurante)",
					"request": {
						"method": "POST",
						"header": [],
						"body": {
							"mode": "raw",
							"raw": "{\n  \"restaurantId\": 2,\n  \"userId\": 3,\n  \"rating\": 4,\n  \"comment\": \"Cocinan rico\"\n}",
							"options": {
								"raw": {
									"language": "json"
								}
							}
						},
						"url": {
							"raw": "http://localhost:8080/restaurantratings",
							"protocol": "http",
							"host": [
								"localhost"
							],
							"port": "8080",
							"path": [
								"restaurantratings"
							]
						}
					},
					"response": []
				},
				{
					"name": "Obtener RestaurantRating cuyo id sea {id}",
					"request": {
						"method": "GET",
						"header": [],
						"url": {
							"raw": "http://localhost:8080/restaurantratings/4",
							"protocol": "http",
							"host": [
								"localhost"
							],
							"port": "8080",
							"path": [
								"restaurantratings",
								"4"
							]
						}
					},
					"response": []
				},
				{
					"name": "Eliminar RestaurantRating por ID",
					"request": {
						"method": "DELETE",
						"header": [],
						"url": {
							"raw": "http://localhost:8080/restaurantratings/5",
							"protocol": "http",
							"host": [
								"localhost"
							],
							"port": "8080",
							"path": [
								"restaurantratings",
								"5"
							]
						}
					},
					"response": []
				},
				{
					"name": "Reemplazar RestauranRating por ID",
					"request": {
						"method": "PUT",
						"header": [],
						"body": {
							"mode": "raw",
							"raw": "{\n  \"restaurantId\": 2,\n  \"userId\": 4,\n  \"rating\": 4,\n  \"comment\": \"Cocinan rico - reemplazado\"\n}",
							"options": {
								"raw": {
									"language": "json"
								}
							}
						},
						"url": {
							"raw": "http://localhost:8080/restaurantratings/6",
							"protocol": "http",
							"host": [
								"localhost"
							],
							"port": "8080",
							"path": [
								"restaurantratings",
								"6"
							]
						}
					},
					"response": []
				},
				{
					"name": "Parchar RestaurantRating",
					"request": {
						"method": "PATCH",
						"header": [],
						"body": {
							"mode": "raw",
							"raw": "{\n\n  \"comment\": \"Cocinan rico - parchado\"\n}",
							"options": {
								"raw": {
									"language": "json"
								}
							}
						},
						"url": {
							"raw": "http://localhost:8080/restaurantratings/7",
							"protocol": "http",
							"host": [
								"localhost"
							],
							"port": "8080",
							"path": [
								"restaurantratings",
								"7"
							]
						}
					},
					"response": []
				}
			]
		},
		{
			"name": "Exceptions",
			"item": [
				{
					"name": "Excepción \"Validation\"",
					"request": {
						"method": "POST",
						"header": [],
						"body": {
							"mode": "raw",
							"raw": "{\n  \"foodId\": 21,\n  \"userId\": 2,\n  \"rating\": 6,\n  \"comment\": \"Me gusto la comida\"\n}",
							"options": {
								"raw": {
									"language": "json"
								}
							}
						},
						"url": {
							"raw": "http://localhost:8080/foodratings",
							"protocol": "http",
							"host": [
								"localhost"
							],
							"port": "8080",
							"path": [
								"foodratings"
							]
						}
					},
					"response": []
				},
				{
					"name": "Excepción \"Validation Foot Rating\"",
					"request": {
						"method": "POST",
						"header": [],
						"body": {
							"mode": "raw",
							"raw": "{\n  \"foodId\": 21,\n  \"userId\": 1,\n  \"rating\": 7,\n  \"comment\": \"Me gusto la comida\"\n}",
							"options": {
								"raw": {
									"language": "json"
								}
							}
						},
						"url": {
							"raw": "http://{{ruta}}:8080/foodratings",
							"protocol": "http",
							"host": [
								"{{ruta}}"
							],
							"port": "8080",
							"path": [
								"foodratings"
							]
						}
					},
					"response": []
				},
				{
					"name": "Obtener usuario que no existe ",
					"request": {
						"method": "GET",
						"header": [],
						"url": {
							"raw": "http://{{ruta}}:8080/users/900",
							"protocol": "http",
							"host": [
								"{{ruta}}"
							],
							"port": "8080",
							"path": [
								"users",
								"900"
							]
						}
					},
					"response": []
				}
			]
		},
		{
			"name": "Email - Evento Asíncrono",
			"item": [
				{
					"name": "Usuario Registrado",
					"item": [
						{
							"name": "Mandar correo de bienvenida al crear un nuevo usuario",
							"request": {
								"method": "POST",
								"header": [],
								"body": {
									"mode": "raw",
									"raw": "{\n  \"name\": \"Elena de Troya 2\",\n  \"email\": \"barahonaluisdavid101@gmail.com\",\n  \"bio\": \"Software developer with 10 years of experience.\",\n  \"userType\": \"INFLUENCER\",\n  \"password\": \"securepassword123\"\n}",
									"options": {
										"raw": {
											"language": "json"
										}
									}
								},
								"url": {
									"raw": "http://localhost:8080/users/email",
									"protocol": "http",
									"host": [
										"localhost"
									],
									"port": "8080",
									"path": [
										"users",
										"email"
									],
									"query": [
										{
											"key": "email",
											"value": "luis.barahona@utec.edu.pe",
											"disabled": true
										}
									]
								}
							},
							"response": []
						},
						{
							"name": "Eliminar usuario por ID para poder usar el mismo email otra vez",
							"request": {
								"method": "DELETE",
								"header": [],
								"url": {
									"raw": "http://localhost:8080/users/16",
									"protocol": "http",
									"host": [
										"localhost"
									],
									"port": "8080",
									"path": [
										"users",
										"16"
									]
								}
							},
							"response": []
						}
					]
				},
				{
					"name": "Restaurante Creado",
					"item": [
						{
							"name": "Crear Restaurante Copy",
							"request": {
								"method": "POST",
								"header": [],
								"body": {
									"mode": "raw",
									"raw": "{\n  \"name\": \"El Buen Sabor 9\",\n  \"location\": \"123 Main St, Springfield\",\n  \"status\": \"CLOSED\",\n  \"email\": \"luis.barahona@utec.edu.pe\"\n}",
									"options": {
										"raw": {
											"language": "json"
										}
									}
								},
								"url": {
									"raw": "http://localhost:8080/restaurants",
									"protocol": "http",
									"host": [
										"localhost"
									],
									"port": "8080",
									"path": [
										"restaurants"
									]
								}
							},
							"response": []
						},
						{
							"name": "Eliminar Restaurante por ID Copy",
							"request": {
								"method": "DELETE",
								"header": [],
								"url": {
									"raw": "http://localhost:8080/restaurants/7",
									"protocol": "http",
									"host": [
										"localhost"
									],
									"port": "8080",
									"path": [
										"restaurants",
										"7"
									]
								}
							},
							"response": []
						}
					]
				}
			]
		},
		{
			"name": "PeticionesCruzadas",
			"item": [
				{
					"name": "Restaurante_CalificacionesComida",
					"item": [
						{
							"name": "Listar comentarios para el restauranteID",
							"request": {
								"method": "GET",
								"header": [],
								"url": {
									"raw": "http://localhost:8080/restaurantratings/restaurants/12/comments",
									"protocol": "http",
									"host": [
										"localhost"
									],
									"port": "8080",
									"path": [
										"restaurantratings",
										"restaurants",
										"12",
										"comments"
									]
								}
							},
							"response": []
						}
					]
				},
				{
					"name": "Usuarios_CalificacionesRestaurante",
					"item": [
						{
							"name": "Listar calificaciones de restaurante realizadas por un userID",
							"request": {
								"method": "GET",
								"header": [],
								"url": {
									"raw": "http://localhost:8080/restaurantratings/users/2/restaurantratings",
									"protocol": "http",
									"host": [
										"localhost"
									],
									"port": "8080",
									"path": [
										"restaurantratings",
										"users",
										"2",
										"restaurantratings"
									]
								}
							},
							"response": []
						}
					]
				},
				{
					"name": "Usuario_CalificacionesComida",
					"item": [
						{
							"name": "Listar calificaciones de comida realizadas por el userID",
							"request": {
								"method": "GET",
								"header": [],
								"url": {
									"raw": ""
								}
							},
							"response": []
						}
					]
				},
				{
					"name": "Usuario_Publicaciones",
					"item": [
						{
							"name": "Lista de pulicaciones de un userID",
							"request": {
								"method": "GET",
								"header": [],
								"url": {
									"raw": ""
								}
							},
							"response": []
						}
					]
				},
				{
					"name": "Restaurante_Comida",
					"item": [
						{
							"name": "Lista de comidas que ofrece restauranteID",
							"request": {
								"method": "GET",
								"header": [],
								"url": {
									"raw": "http://{{ruta}}:8080/foods/restaurants/17/foods",
									"protocol": "http",
									"host": [
										"{{ruta}}"
									],
									"port": "8080",
									"path": [
										"foods",
										"restaurants",
										"17",
										"foods"
									]
								}
							},
							"response": []
						}
					]
				},
				{
					"name": "Comida_CalificacionesComida",
					"item": [
						{
							"name": "Lista de calificaciones de una comidaID",
							"request": {
								"method": "GET",
								"header": [],
								"url": {
									"raw": "http://localhost:8080/foodratings/foods/19/comments",
									"protocol": "http",
									"host": [
										"localhost"
									],
									"port": "8080",
									"path": [
										"foodratings",
										"foods",
										"19",
										"comments"
									]
								}
							},
							"response": []
						}
					]
				},
				{
					"name": "Restaurant_TypeFood",
					"item": [
						{
							"name": "Tipos de comida que un restaurantID",
							"request": {
								"method": "GET",
								"header": [],
								"url": {
									"raw": ""
								}
							},
							"response": []
						}
					]
				}
			]
		},
		{
			"name": "Autenticación",
			"item": [
				{
					"name": "Registrar Usuario -> Influencer",
					"request": {
						"method": "POST",
						"header": [],
						"body": {
							"mode": "raw",
							"raw": "{\n  \"name\": \"John Doe2\",\n  \"email\": \"Jon.barahona@utec.edu.pe\",\n  \"bio\": \"Software developer with 10 years of experience.\",\n  \"userType\": \"INFLUENCER\",\n  \"password\": \"securepassword123\"\n}",
							"options": {
								"raw": {
									"language": "json"
								}
							}
						},
						"url": {
							"raw": "http://localhost:8080/auth/register",
							"protocol": "http",
							"host": [
								"localhost"
							],
							"port": "8080",
							"path": [
								"auth",
								"register"
							]
						}
					},
					"response": []
				},
				{
					"name": "Logear Usuario -> Influencer Copy",
					"request": {
						"auth": {
							"type": "bearer",
							"bearer": [
								{
									"key": "token",
									"value": "eyJhbGciOiJIUzI1NiIsInR5cCI6IkpXVCJ9.eyJzdWIiOiJsdWlzLmJhcmFob25hQHV0ZWMuZWR1LnBlIiwicm9sZSI6IlVTRVIiLCJpYXQiOjE3Mjg4NjI5MzEsImV4cCI6MTcyODg5ODkzMX0.HyprfF7JCiqT4vsUe9JbRY5UTMrwUFNFalC9226QrVw",
									"type": "string"
								}
							]
						},
						"method": "POST",
						"header": [],
						"body": {
							"mode": "raw",
							"raw": "{\n  \"email\": \"luis.barahona@utec.edu.pe\",\n  \"password\": \"securepassword123\"\n}",
							"options": {
								"raw": {
									"language": "json"
								}
							}
						},
						"url": {
							"raw": "{{host}}/auth/login",
							"host": [
								"{{host}}"
							],
							"path": [
								"auth",
								"login"
							]
						}
					},
					"response": []
				},
				{
					"name": "Eliminar usuario con ID Copy",
					"request": {
						"auth": {
							"type": "bearer",
							"bearer": [
								{
									"key": "token",
									"value": "eyJhbGciOiJIUzI1NiIsInR5cCI6IkpXVCJ9.eyJzdWIiOiJtYW51ZWxAdXRlYy5lZHUucGUiLCJyb2xlIjoiVVNFUiIsImlhdCI6MTcyODg2MjY0NiwiZXhwIjoxNzI4ODk4NjQ2fQ.99uneUs_yIH3bueVjyyJBZbOSd7nMxPCpIwXQPW8DRE",
									"type": "string"
								}
							]
						},
						"method": "DELETE",
						"header": [],
						"url": {
							"raw": "http://localhost:8080/users/12",
							"protocol": "http",
							"host": [
								"localhost"
							],
							"port": "8080",
							"path": [
								"users",
								"12"
							]
						}
					},
					"response": []
				},
				{
					"name": "Eliminar Restaurante por ID Copy",
					"request": {
						"auth": {
							"type": "bearer",
							"bearer": [
								{
									"key": "token",
									"value": "eyJhbGciOiJIUzI1NiIsInR5cCI6IkpXVCJ9.eyJzdWIiOiJsdWlzLmJhcmFob25hQHV0ZWMuZWR1LnBlIiwicm9sZSI6IlVTRVIiLCJpYXQiOjE3Mjg4NjI5MzEsImV4cCI6MTcyODg5ODkzMX0.HyprfF7JCiqT4vsUe9JbRY5UTMrwUFNFalC9226QrVw",
									"type": "string"
								}
							]
						},
						"method": "DELETE",
						"header": [],
						"url": {
							"raw": "http://{{ruta}}:8080/restaurants/6",
							"protocol": "http",
							"host": [
								"{{ruta}}"
							],
							"port": "8080",
							"path": [
								"restaurants",
								"6"
							]
						}
					},
					"response": []
				}
			]
		},
		{
			"name": "Despliegue",
			"item": [
				{
					"name": "Registrar Usuario -> Influencer Copy",
					"request": {
						"method": "POST",
						"header": [],
						"body": {
							"mode": "raw",
							"raw": "{\n  \"name\": \"Joaquin \",\n  \"email\": \"luis.barahona@utec.edu.pe\",\n  \"bio\": \"Software developer with 10 years of experience.\",\n  \"userType\": \"INFLUENCER\",\n  \"password\": \"securepassword123\"\n}",
							"options": {
								"raw": {
									"language": "json"
								}
							}
						},
						"url": {
							"raw": "http://{{ruta}}:8080/auth/register",
							"protocol": "http",
							"host": [
								"{{ruta}}"
							],
							"port": "8080",
							"path": [
								"auth",
								"register"
							]
						}
					},
					"response": []
				},
				{
					"name": "Eliminar usuario con ID Copy 2",
					"request": {
						"auth": {
							"type": "bearer",
							"bearer": [
								{
									"key": "token",
									"value": "{{token}}",
									"type": "string"
								}
							]
						},
						"method": "DELETE",
						"header": [],
						"url": {
							"raw": "http://{{ruta}}:8080/users/12",
							"protocol": "http",
							"host": [
								"{{ruta}}"
							],
							"port": "8080",
							"path": [
								"users",
								"12"
							]
						}
					},
					"response": []
				}
			],
			"auth": {
				"type": "noauth"
			},
			"event": [
				{
					"listen": "prerequest",
					"script": {
						"type": "text/javascript",
						"packages": {},
						"exec": [
							""
						]
					}
				},
				{
					"listen": "test",
					"script": {
						"type": "text/javascript",
						"packages": {},
						"exec": [
							""
						]
					}
				}
			]
		}
	],
	"auth": {
		"type": "bearer",
		"bearer": [
			{
				"key": "token",
				"value": "eyJhbGciOiJIUzI1NiIsInR5cCI6IkpXVCJ9.eyJzdWIiOiJsdWlzLmJhcmFob25hQHV0ZWMuZWR1LnBlIiwicm9sZSI6IlVTRVIiLCJpYXQiOjE3Mjg4NjI5MzEsImV4cCI6MTcyODg5ODkzMX0.HyprfF7JCiqT4vsUe9JbRY5UTMrwUFNFalC9226QrVw",
				"type": "string"
			}
		]
	},
	"event": [
		{
			"listen": "prerequest",
			"script": {
				"type": "text/javascript",
				"packages": {},
				"exec": [
					""
				]
			}
		},
		{
			"listen": "test",
			"script": {
				"type": "text/javascript",
				"packages": {},
				"exec": [
					""
				]
			}
		}
	],
	"variable": [
		{
			"key": "host",
			"value": "http://localhost:8080",
			"type": "string"
		}
	]
}